StarID,ProperName,X,Y,Z
0,Sol,0,0,HELLO
1,,282.43485,0.00449,5.36884
2,,STAR,0.00285,-15.24144
3,,277.11358,0.02422,223.27753
3759,96 G. Psc,7.26388,1.55643
70667,-0.47175,-0.36132,-1.15037